ipname,module,instance
,XSRAM_STARTUP,starttimer_total
,XSRAM_STARTUP,starttimer_startup
,XSRAM_STARTUP,endtimer_total_port1
,XSRAM_STARTUP,endtimer_total_port0
,XSRAM_STARTUP,endtimer_total_port3
,XSRAM_STARTUP,starttimer_intialize_shops_cont
,XSRAM_STARTUP,endtimer_intialize_shops_cont_port1
,XSRAM_STARTUP,endtimer_intialize_shops_cont_port0
,XSRAM_STARTUP,endtimer_intialize_shops_cont_port3
,XSRAM_STARTUP,endtimer_intialize_shops_cont_port99
,XSRAM_STARTUP,print_siteid_uf
,XSRAM_STARTUP,VisualID_uf
,XSRAM_STARTUP,switch_flow
,XSRAM_STARTUP,CRES_n10mA
,XSRAM_STARTUP,Die_type_select
,XSRAM_STARTUP,starttimer_vccg_domain1
,XSRAM_STARTUP,PinCont_Bypass_test_vccgdomain
,XSRAM_STARTUP,Vccgio_Bypass_test_vccgdomain
,XSRAM_STARTUP,Vccg_Bypass_test_vccgdomain
,XSRAM_STARTUP,switch_flow_vccg_domain1
,XSRAM_STARTUP,timing_clearup_userfunction
,XSRAM_STARTUP,endtimer_vccg_domain1_port1
,XSRAM_STARTUP,endtimer_vccg_domain1_port0
,XSRAM_STARTUP,starttimer_vcc_sleep1
,XSRAM_STARTUP,Endtimer_vcc_sleep_noTAP
,XSRAM_STARTUP,Endtimer_vcc_sleep_noTAP_0
,XSRAM_STARTUP,Vcc_Bypass_test_0_0
,XSRAM_STARTUP,switch_flow_class
,XSRAM_STARTUP,switch_flow_class3
,XSRAM_STARTUP,BYPASS_EDM_pincont_test
,XSRAM_STARTUP,BYPASS_TAP_PASS_Flow_test
,XSRAM_STARTUP,ilih_test
,XSRAM_STARTUP,read_ube_check_uf
,XSRAM_STARTUP,SortToClassDFF_UBE
,XSRAM_STARTUP,ULT_class_from_visid_uf
,XSRAM_STARTUP,update_DEVREVSTEP_Unit
,XSRAM_STARTUP,check_fist_flow
,XSRAM_STARTUP,AM_override
,XSRAM_STARTUP,RC_flowfork
,XSRAM_STARTUP,starttimer_vcc_sleep_withTAP
,XSRAM_STARTUP,Endtimer_vcc_sleep_withTAP
,XSRAM_STARTUP,Vcc_Bypass_test_check2
,XSRAM_STARTUP,PinCont_Bypass_test_4
,XSRAM_STARTUP,Vccgio_Bypass_test_4
,XSRAM_STARTUP,Vccg_Bypass_test_4
,XSRAM_STARTUP,Endtimer_TAP_comp_pass
,XSRAM_STARTUP,starttimer_TAP_comp
,XSRAM_STARTUP,TAP_test
,XSRAM_STARTUP,Set_TAP_pass_Flag
,XSRAM_STARTUP,Set_TAP_fail_Flag
,XSRAM_STARTUP,Endtimer_TAP_comp_fail
,XSRAM_STARTUP,starttimer_vcont
,XSRAM_STARTUP,endtimer_vcont
,XSRAM_STARTUP,vccgact_cont_test_50mV
,XSRAM_STARTUP,powerdown_vccgact
,XSRAM_STARTUP,Set_Vccgact_fail_flag_0
,XSRAM_STARTUP,vccg_cont_test_50mV
,XSRAM_STARTUP,Set_Vccg_flag_test_2
,XSRAM_STARTUP,set_fc856_counter
,XSRAM_STARTUP,Set_Vccg_flag_test
,XSRAM_STARTUP,chain_pbist0_ins_chain
,XSRAM_STARTUP,set_BYPASS_global_BSTI0_chain
,XSRAM_STARTUP,chain_pbist0_obs_chain
,XSRAM_STARTUP,set_BYPASS_global_BSTO0_chain
,XSRAM_STARTUP,chain_stokl_all_ru_test_top
,XSRAM_STARTUP,set_BYPASS_global_xstokl_chain_top
,XSRAM_STARTUP,chain_stokl_lower_ru_test_top
,XSRAM_STARTUP,chain_stokl_upper_ru_test_top
,XSRAM_STARTUP,pbist_0_clkm00_default_test
,XSRAM_STARTUP,check_BSTI0
,XSRAM_STARTUP,pbist_0_clkm01_scanfx8x4_diagnostic_test
,XSRAM_STARTUP,set_pbist_test_flag
,XSRAM_STARTUP,starttimer_vccg_sicc_comp
,XSRAM_STARTUP,PinCont_Bypass_test_2
,XSRAM_STARTUP,Vccgio_Bypass_test_2
,XSRAM_STARTUP,Vccg_Bypass_test_2
,XSRAM_STARTUP,vccg_sicc_600mV_test
,XSRAM_STARTUP,vccg_sicc_nom_test
,XSRAM_STARTUP,vccg_sicc_1p1V_test
,XSRAM_STARTUP,Set_Vccg_flag_test_0
,XSRAM_STARTUP,set_fc827_counter
,XSRAM_STARTUP,Set_Vccg_flag_test_1
,XSRAM_STARTUP,set_fc828_counter
,XSRAM_STARTUP,Set_Vccg_vhi_Flag_test2
,XSRAM_STARTUP,powerdown_vccg_vhi
,XSRAM_STARTUP,Endtimer_vccg_sicc_comp
,XSRAM_STARTUP,starttimer_shops
,XSRAM_STARTUP,endtimer_shops
,XSRAM_STARTUP,Set_ioboundary_pincont_good_test
,XSRAM_STARTUP,Set_PinCont_OPEN_Flag_test
,XSRAM_STARTUP,Set_PinCont_Flag_test
,XSRAM_STARTUP,Set_edm_PinCont_Flag_test
,XSRAM_STARTUP,Set_pll_PinCont_Flag_test
,XSRAM_STARTUP,Set_pll_PinCont_Flag_test_2
,XSRAM_STARTUP,all_other_shops_UD
,XSRAM_STARTUP,all_other_shops_LD
,XSRAM_STARTUP,ddr_ioboundary_shops_UD
,XSRAM_STARTUP,ddr_ioboundary_shops_LD
,XSRAM_STARTUP,sram_shops_dpin_LD
,XSRAM_STARTUP,sram_shops_dpin_UD
,XSRAM_STARTUP,sram_shops_kmpin_LD
,XSRAM_STARTUP,sram_shops_kmpin_UD
,XSRAM_STARTUP,LYA_shops_LD
,XSRAM_STARTUP,LYA_shops_UD
,XSRAM_STARTUP,edm_shops_LD
,XSRAM_STARTUP,edm_shops_UD
,XSRAM_STARTUP,PLL_outpins_shops_LD
,XSRAM_STARTUP,PLL_outpins_shops_UD
,XSRAM_STARTUP,PLL_inpins_shops_LD
,XSRAM_STARTUP,PLL_inpins_shops_UD
,XSRAM_STARTUP,starttimer_vcc_vcc2_cont
,XSRAM_STARTUP,switch_flow_class2
,XSRAM_STARTUP,switch_flow_class4
,XSRAM_STARTUP,endtimer_vcc_vcc2_cont
,XSRAM_STARTUP,switch_flow_init_vcc_cont
,XSRAM_STARTUP,vcc_cont_test_50mV
,XSRAM_STARTUP,vcc_cont_test_200mV
,XSRAM_STARTUP,vcc_cont_test_50mV_hot
,XSRAM_STARTUP,vcc_cont_test_200mV_hot
,XSRAM_STARTUP,set_fc810_counter_uf_0
,XSRAM_STARTUP,set_fc809_counter_uf
,XSRAM_STARTUP,Set_Vcc_flag_test
,XSRAM_STARTUP,Set_Vcc_flag_test_2
,XSRAM_STARTUP,switch_flow_init_vcc1_cont
,XSRAM_STARTUP,switch_flow_init_vcc2_cont
,XSRAM_STARTUP,vcc2_cont_test_50mV
,XSRAM_STARTUP,vcc2_cont_test_200mV
,XSRAM_STARTUP,set_fc821_counter_uf
,XSRAM_STARTUP,set_fc820_counter_uf
,XSRAM_STARTUP,Set_Vcc2_flag_test
,XSRAM_STARTUP,Set_Vcc2_flag_test_2
,XSRAM_STARTUP,vcc2_cont_test_100mV
,XSRAM_STARTUP,vcc2_cont_test_50mV_hot
,XSRAM_STARTUP,vcc2_cont_test_200mV_hot
,XSRAM_STARTUP,switch_flow_init_vcc0_cont
,XSRAM_STARTUP,switch_flow_init_vcc3_cont
,XSRAM_STARTUP,PinCont_Bypass_test_0
,XSRAM_STARTUP,Vccgio_Bypass_test_0
,XSRAM_STARTUP,Vccg_Bypass_test_0
,XSRAM_STARTUP,Vcc_Bypass_test_0
,XSRAM_STARTUP,vcc_sicc_sleep_600mV_test
,XSRAM_STARTUP,vcc_sicc_sleep_800mV_test
,XSRAM_STARTUP,sicc_vcc_sleep_nom_test
,XSRAM_STARTUP,vcc_sicc_sleep_starttimer_0
,XSRAM_STARTUP,nom_sleep_nonlinear_sicc_decision
,XSRAM_STARTUP,vcc_sicc_sleep_endtimer_0
,XSRAM_STARTUP,set_fc824_counter_uf
,XSRAM_STARTUP,set_fc826_counter_uf
,XSRAM_STARTUP,set_fc1801_counter_uf
,XSRAM_STARTUP,Set_Vcc_sleep_Flag_test_0
,XSRAM_STARTUP,Set_Vcc_flag_test_0
,XSRAM_STARTUP,Set_Vcc_sleep_Flag_test_1
,XSRAM_STARTUP,Set_Vcc_flag_test_1
,XSRAM_STARTUP,vcc1_sicc_sleep_starttimer
,XSRAM_STARTUP,vcc1_sicc_sleep_endtimer
,XSRAM_STARTUP,vcc0_sicc_sleep_starttimer
,XSRAM_STARTUP,vcc0_sicc_sleep_endtimer
,XSRAM_STARTUP,vcc3_sicc_sleep_starttimer
,XSRAM_STARTUP,vcc3_sicc_sleep_endtimer
,XSRAM_STARTUP,vcc_hv_sicc_sleep_starttimer
,XSRAM_STARTUP,vcc_hv_sicc_sleep_endtimer
,XSRAM_STARTUP,vcc2_sicc_sleep_starttimer_0
,XSRAM_STARTUP,PinCont_Bypass_test_vcc2
,XSRAM_STARTUP,Vccgio_Bypass_test_vcc2
,XSRAM_STARTUP,Vccg_Bypass_test_vcc2
,XSRAM_STARTUP,Vcc_Bypass_test_vcc2
,XSRAM_STARTUP,vcc2_sicc_sleep_600mV_test
,XSRAM_STARTUP,vcc2_sicc_sleep_800mV_test
,XSRAM_STARTUP,sicc_vcc2_sleep_nom_test
,XSRAM_STARTUP,nom_sleep_nonlinear_vcc2_sicc_decision
,XSRAM_STARTUP,vcc2_sicc_sleep_endtimer
,XSRAM_STARTUP,set_fc829_counter_uf
,XSRAM_STARTUP,set_fc831_counter_uf
,XSRAM_STARTUP,set_fc1803_counter_uf
,XSRAM_STARTUP,Set_Vcc2_flag_test_4
,XSRAM_STARTUP,Set_Vcc2_sleep_Flag_test
,XSRAM_STARTUP,initialize_globals
,XSRAM_STARTUP,endtimer_total_port99
,XSRAM_STARTUP,set_fc5392_uf
,XSRAM_STARTUP,set_fc5393_uf
,XSRAM_STARTUP,temperature_flow_fork_vcc_cont
,XSRAM_STARTUP,temperature_flow_fork_vcc2_cont
,XSRAM_STARTUP,ilil_test
,XSRAM_STARTUP,set_fc901_counter_uf
,XSRAM_STARTUP,iloh_test
,XSRAM_STARTUP,ilol_test
,XSRAM_STARTUP,set_fc902_counter_uf
,XSRAM_STARTUP,set_fc903_counter_uf
,XSRAM_STARTUP,set_fc904_counter_uf
,XSRAM_STARTUP,BYPASS_Pin_Leakage_Test
,XSRAM_STARTUP,endtimer_pin_leakage
,XSRAM_STARTUP,starttimer_pin_leakage
,XSRAM_STARTUP,RU_bypass_test_top
,XSRAM_STARTUP,RU_bypass_test_bot
,XSRAM_STARTUP,RU_bypass_78B_test
,XSRAM_STARTUP,PinCont_Bypass_test_2_1
,XSRAM_STARTUP,Vccgio_Bypass_test_2_1
,XSRAM_STARTUP,Vccg_Bypass_test_2_1
,XSRAM_STARTUP,Vcc_Bypass_test_2_1
,XSRAM_STARTUP,starttimer_RUbypass_loop
,XSRAM_STARTUP,endtimer_RUbypass_loop
,XSRAM_STARTUP,Top_Bot_DieType_flowfork_ru
,XSRAM_STARTUP,starttimer_arytopbypass_loop
,XSRAM_STARTUP,Arytop_bypass_78B_test
,XSRAM_STARTUP,Arytop_bypass_test_top
,XSRAM_STARTUP,Arytop_bypass_test_bot
,XSRAM_STARTUP,PinCont_Bypass_test_3_1
,XSRAM_STARTUP,Vccgio_Bypass_test_3_1
,XSRAM_STARTUP,Vccg_Bypass_test_3_1
,XSRAM_STARTUP,Vcc_Bypass_test_3_1
,XSRAM_STARTUP,endtimer_arytopbypass_loop
,XSRAM_STARTUP,Top_Bot_DieType_flowfork_arytop
,XSRAM_STARTUP,starttimer_midlogicbypass_loop
,XSRAM_STARTUP,Midlogic_bypass_78B_test
,XSRAM_STARTUP,Midlogic_bypass_test_top
,XSRAM_STARTUP,Midlogic_bypass_test_bot
,XSRAM_STARTUP,PinCont_Bypass_test_5_1
,XSRAM_STARTUP,Vccgio_Bypass_test_5_1
,XSRAM_STARTUP,Vccg_Bypass_test_5_1
,XSRAM_STARTUP,Vcc_Bypass_test_5_1
,XSRAM_STARTUP,endtimer_midlogicbypass_loop
,XSRAM_STARTUP,Top_Bot_DieType_flowfork_ML
,XSRAM_HDC_D3,starttimer_prehvqk_hdc_d3
,XSRAM_HDC_D3,Bypass_HDC_D3_prehvqk_cache
,XSRAM_HDC_D3,Endtimer_prehvqk_hdc_d3
,XSRAM_HDC_D3,switch_flow
,XSRAM_HDC_D3,check_vcc_power_supply
,XSRAM_HDC_D3,Bypass_BFNR_Test
,XSRAM_HDC_D3,BFNR_Test
,XSRAM_HDC_D3,die_type_flowfork_1
,XSRAM_HDC_D3,Nr_raster_nom_TOP_die
,XSRAM_HDC_D3,Nr_raster_nom_BOT_die
,XSRAM_HDC_D3,die_type_flow_fork_2
,XSRAM_HDC_D3,NOM_repair_TOP_die
,XSRAM_HDC_D3,NOM_repair_BOT_die
,XSRAM_HDC_D3,switch_flow_2
,XSRAM_HDC_D3,BFR_nom_b19_test
,XSRAM_CHAINRU180_X78,CHAINRU180_starttimer
,XSRAM_CHAINRU180_X78,CHAINRU180_endtimer
,XSRAM_CHAINRU180_X78,Vcc_Bypass_test_check
,XSRAM_CHAINRU180_X78,set_pc_8197
,XSRAM_CHAINRU180_X78,PREHVQK_NOM_CHAINRU180_starttimer
,XSRAM_CHAINRU180_X78,PREHVQK_NOM_CHAINRU180_endtimer
,XSRAM_CHAINRU180_X78,PREHVQK_NOM_CHAINRU180_starttimer_copy
,XSRAM_CHAINRU180_X78,PREHVQK_NOM_CHAINRU180_endtimer_copy
,XSRAM_CHAINRU180_X78,CHAIN180_GT2_test_PRE
,XSRAM_CHAINRU180_X78,DebugFuncTest
,XSRAM_CHAINRU180_X78,PREHVQK_NOM_CHAINRU180_BOUNDARY_starttimer
,XSRAM_CHAINRU180_X78,PREHVQK_NOM_CHAINRU180_BOUNDARY_endtimer
,XSRAM_CHAINRU180_X78,CHAIN180_BOUNDARY_GT2_test_PRE
,XSRAM_CHAINRU180_X78,DebugFuncTest_copy
,XSRAM_CHAINRU180_X78,CHAIN180_ATPG_DIETYPE_FLOWFORK
,XCHIP_BASE,XIU_Check
,XCHIP_BASE,Powerdown_test
,XCHIP_BASE,LOTSTART_DATALOG
,XCHIP_BASE,LotEndDatalog
,XCHIP_BASE,LotEndFinalize
,XCHIP_BASE,DeviceStartInit
,XCHIP_BASE,DeviceStartSort
,XCHIP_BASE,PrimeDeviceEnd
,XCHIP_BASE,Powerdown_test_copy
,XCHIP_BASE,Sample_Shops
,XCHIP_BASE,Sample_VCCCont
,XCHIP_BASE,Binning_CSharpTest
,XCHIP_BASE,PrimeInitializeLibrary
,XCHIP_BASE,PrimeLotStartSetup
,XCHIP_BASE,PrimeInitializeServices
,XCHIP_BASE,PrimeInitializeInstances
,XCHIP_BASE,PrimeTiuIdenty
,XCHIP_BASE,PrimeDeviceEndFinalize
,XCHIP_BASE,FlowControlStart_Class
,XCHIP_BASE,FlowControlStart_Sort
,XCHIP_BASE,SwitchFlow
,XCHIP_BASE,TiuPowerSupplyCont
,XCHIP_BASE,TiuIOLeakage
